<?xml version="1.0" encoding="UTF-8"?>
<beans xmlns="http://www.springframework.org/schema/beans"
	xmlns:xsi="http://www.w3.org/2001/XMLSchema-instance"
	xmlns:context="http://www.springframework.org/schema/context"
	xsi:schemaLocation="http://www.springframework.org/schema/beans
	http://www.springframework.org/schema/beans/spring-beans-3.0.xsd 
	http://www.springframework.org/schema/context
	http://www.springframework.org/schema/context/spring-context-3.0.xsd">

<context:component-scan base-package="com.springproject.bean.xmljava.combination"/>
<context:annotation-config/>

	<bean id="marks"
		class="com.springproject.bean.xmljava.combination.Marks">
		<property name="marks1" value="100" />
		<property name="marks2" value="200" />
		<property name="marks3" value="300" />
	</bean>

	<bean id="student"
		class="com.springproject.bean.xmljava.combination.Student">
		<property name="studentId" value="34" />
		<property name="studentName" value="Girish" />
	</bean>
</beans>