<?xml version="1.0" encoding="UTF-8"?>
<beans xmlns="http://www.springframework.org/schema/beans"
	xmlns:xsi="http://www.w3.org/2001/XMLSchema-instance"
	xmlns:context="http://www.springframework.org/schema/context"
	xsi:schemaLocation="http://www.springframework.org/schema/beans
	http://www.springframework.org/schema/beans/spring-beans-3.0.xsd 
	http://www.springframework.org/schema/context
	http://www.springframework.org/schema/context/spring-context-3.0.xsd">

	<bean id="organisation"
		class="com.springproject.di.constructor.collections.Organisation">
		<constructor-arg name="students">
			<list>
				<value>suresh</value>
				<value>Ganesh</value>
				<value>Sathish</value>
			</list>
		</constructor-arg>

		<constructor-arg name="depart">
			<set>
				<value>CS</value>
				<value>IT</value>
				<value>CIVIL</value>
			</set>
		</constructor-arg>

		<constructor-arg name="staf">
			<map>
				<entry key="20" value="Rajesh" />
				<entry key="30" value="Girish" />
				<entry key="40" value="Umesh" />
			</map>
		</constructor-arg>
		
		<constructor-arg name="numberOfStudents">
			<props>
				<prop key="CS Department"> 200</prop>
				<prop key="IT Department">250</prop>
				<prop key="CIVIL Department">300</prop>
			</props>
		</constructor-arg>
	</bean>
</beans>