<?xml version="1.0" encoding="UTF-8"?>
<beans xmlns="http://www.springframework.org/schema/beans"
	xmlns:xsi="http://www.w3.org/2001/XMLSchema-instance"
	xmlns:context="http://www.springframework.org/schema/context"
	xsi:schemaLocation="http://www.springframework.org/schema/beans
	http://www.springframework.org/schema/beans/spring-beans-3.0.xsd 
	http://www.springframework.org/schema/context
	http://www.springframework.org/schema/context/spring-context-3.0.xsd">

	<bean id="address"
		class="com.springproject.di.construstorsettor.combination.Address">
		<property name="street_name" value="Mudipu" />
		<property name="city" value="Mangalore" />
		<property name="State" value="Karnataka" />
	</bean>

	<bean id="employee"
		class="com.springproject.di.construstorsettor.combination.Employee">
		<constructor-arg name="emp_id" value="30" />
		<constructor-arg name="emp_name" value="30" />
		<constructor-arg name="emp_depart" value="30" />
		<constructor-arg name="emp_salary" value="30" />
		<constructor-arg name="address" ref="address" />
	</bean>
</beans>