<?xml version="1.0" encoding="UTF-8"?>
<beans xmlns="http://www.springframework.org/schema/beans"
	xmlns:xsi="http://www.w3.org/2001/XMLSchema-instance"
	xmlns:context="http://www.springframework.org/schema/context"
	xsi:schemaLocation="http://www.springframework.org/schema/beans
	http://www.springframework.org/schema/beans/spring-beans-3.0.xsd 
	http://www.springframework.org/schema/context
	http://www.springframework.org/schema/context/spring-context-3.0.xsd">

	<bean id="department"
		class="com.springproject.bean.importsinglefile.Department">
		<property name="departId" value="12" />
		<property name="departName" value="CS" />
	</bean>
	<bean id="department1"
		class="com.springproject.bean.importsinglefile.Department">
		<property name="departId" value="16" />
		<property name="departName" value="Finance" />
	</bean>
</beans>