<?xml version="1.0" encoding="UTF-8"?>
<beans xmlns="http://www.springframework.org/schema/beans"
	xmlns:xsi="http://www.w3.org/2001/XMLSchema-instance"
	xmlns:context="http://www.springframework.org/schema/context"
	xsi:schemaLocation="http://www.springframework.org/schema/beans
	http://www.springframework.org/schema/beans/spring-beans-3.0.xsd 
	http://www.springframework.org/schema/context
	http://www.springframework.org/schema/context/spring-context-3.0.xsd">

	<bean id="employee"
		class="com.springproject.bean.importsinglefile.Employee">
		<property name="employeeId" value="45" />
		<property name="employeeName" value="Suresh" />
		<property name="employeeSalary" value="20000" />
	</bean>

	<bean id="employee1"
		class="com.springproject.bean.importsinglefile.Employee">
		<property name="employeeId" value="64" />
		<property name="employeeName" value="ganesh" />
		<property name="employeeSalary" value="10000" />
	</bean>

</beans>