<?xml version="1.0" encoding="UTF-8"?>
<beans xmlns="http://www.springframework.org/schema/beans"
	xmlns:xsi="http://www.w3.org/2001/XMLSchema-instance"
	xmlns:aop="http://www.springframework.org/schema/aop"
	xmlns:context="http://www.springframework.org/schema/context"
	xsi:schemaLocation="http://www.springframework.org/schema/beans http://www.springframework.org/schema/beans/spring-beans-3.0.xsd
		http://www.springframework.org/schema/aop http://www.springframework.org/schema/aop/spring-aop-3.0.xsd
		http://www.springframework.org/schema/context http://www.springframework.org/schema/context/spring-context-3.0.xsd">

	<bean id="employee" class="com.springproject.aop.xml.Employee">
		<property name="emmpId" value="12" />
		<property name="empName" value="Suresh" />
		<property name="empSalary" value="10000" />
	</bean>

	<bean id="loggingAspect"
		class="com.springproject.aop.xml.LoggingAspects" />

	<aop:config>
		<aop:aspect id="logAspect" ref="loggingAspect">
			<aop:pointcut
				expression="execution(* com.springproject.aop.xml.getEmployeeDetails(..))"
				id="employeeMethod" />
			<aop:before pointcut-ref="employeeMethod" method="before" />
			<aop:after pointcut-ref="employeeMethod" method="after" />
		</aop:aspect>
	</aop:config>
</beans>