<?xml version="1.0" encoding="UTF-8"?>
<beans xmlns="http://www.springframework.org/schema/beans"
	xmlns:xsi="http://www.w3.org/2001/XMLSchema-instance"
	xmlns:context="http://www.springframework.org/schema/context"
	xsi:schemaLocation="http://www.springframework.org/schema/beans
	http://www.springframework.org/schema/beans/spring-beans-3.0.xsd 
	http://www.springframework.org/schema/context
	http://www.springframework.org/schema/context/spring-context-3.0.xsd">

	<context:component-scan
		base-package="com.springproject.dao.jdbctemplate.xml" />
	<context:annotation-config />

	<bean id="propertyfile"
		class="org.springframework.beans.factory.config.PropertyPlaceholderConfigurer">
		<property name="locations"
			value="classpath:mysqldb.properties" />
	</bean>
	<bean id="datasource"
		class="org.springframework.jdbc.datasource.DriverManagerDataSource">
		<property name="driverClassName"
			value="${db.mysql.driverClassName}" />
		<property name="url" value="${db.mysql.url}" />
		<property name="username" value="${db.mysql.username}" />
		<property name="password" value="${db.mysql.password}" />
	</bean>
	<bean id="jdbcTemplate"
		class="org.springframework.jdbc.core.JdbcTemplate">
		<constructor-arg ref="datasource" />
	</bean>
</beans>