<?xml version="1.0" encoding="UTF-8"?>
<beans xmlns="http://www.springframework.org/schema/beans"
	xmlns:xsi="http://www.w3.org/2001/XMLSchema-instance"
	xmlns:context="http://www.springframework.org/schema/context"
	xsi:schemaLocation="http://www.springframework.org/schema/beans
	http://www.springframework.org/schema/beans/spring-beans-3.0.xsd 
	http://www.springframework.org/schema/context
	http://www.springframework.org/schema/context/spring-context-3.0.xsd">

	<import resource="employeebean.xml" />
	<import resource="departmentbean.xml" />

	<bean id="organization"
		class="com.springproject.bean.importsinglefile.Organization">

		<property name="employee">
			<list>
				<ref bean="employee" />
				<ref bean="employee1" />
			</list>
		</property>
		<property name="department">
			<list>
				<ref bean="department" />
				<ref bean="department1" />
			</list>
		</property>
	</bean>
</beans>