<?xml version="1.0" encoding="UTF-8"?>
<beans xmlns="http://www.springframework.org/schema/beans"
	xmlns:xsi="http://www.w3.org/2001/XMLSchema-instance"
	xmlns:context="http://www.springframework.org/schema/context"
	xsi:schemaLocation="http://www.springframework.org/schema/beans
	http://www.springframework.org/schema/beans/spring-beans-3.0.xsd 
	http://www.springframework.org/schema/context
	http://www.springframework.org/schema/context/spring-context-3.0.xsd">

	<bean id="propertyfile"
		class="org.springframework.beans.factory.config.PropertyPlaceholderConfigurer">
		<property name="locations">
			<list>
				<value>classpath:db.properties</value>
				<value>classpath:mailconfig.properties</value>
			</list>

		</property>
	</bean>
	<bean id="databaseconfig"
		class="com.springproject.bean.property.DataBaseConfig">
		<property name="dbHost" value="${db.host.url}" />
		<property name="port" value="${db.port.number}" />
		<property name="dbName" value="${db.service.name}" />
		<property name="dbUser" value="${db.user}" />
		<property name="dbPassword" value="${db.password}" />
	</bean>

	<bean id="mailconfig"
		class="com.springproject.bean.property.MailConfig">
		<property name="smtpHost" value="${mail.smtp.host}" />
		<property name="port" value="${mail.smtp.port}" />
		<property name="userName" value="${mail.smtp.username}" />
		<property name="password" value="${mail.smtp.password}" />
	</bean>
</beans>