<?xml version="1.0" encoding="UTF-8"?>
<beans xmlns="http://www.springframework.org/schema/beans"
	xmlns:xsi="http://www.w3.org/2001/XMLSchema-instance"
	xmlns:context="http://www.springframework.org/schema/context"
	xsi:schemaLocation="http://www.springframework.org/schema/beans
	http://www.springframework.org/schema/beans/spring-beans-3.0.xsd 
	http://www.springframework.org/schema/context
	http://www.springframework.org/schema/context/spring-context-3.0.xsd">

	<bean id="student" class="com.springproject.di.setterbean.Student">
		<property name="id" value="10" />
		<property name="name" value="Suresh" />
		<property name="address" value="Bangalore" />
		<property name="marks" ref="marks" />
	</bean>

	<bean id="marks" class="com.springproject.di.setterbean.Marks">
		<property name="subject" value="maths" />
		<property name="mark" value="78" />
	</bean>
</beans>