<?xml version="1.0" encoding="UTF-8"?>
<beans xmlns="http://www.springframework.org/schema/beans"
	xmlns:xsi="http://www.w3.org/2001/XMLSchema-instance"
	xmlns:context="http://www.springframework.org/schema/context"
	xsi:schemaLocation="http://www.springframework.org/schema/beans
	http://www.springframework.org/schema/beans/spring-beans-3.0.xsd 
	http://www.springframework.org/schema/context
	http://www.springframework.org/schema/context/spring-context-3.0.xsd">

	<bean id="template" abstract="true">
		<property name="name" value="Ganesh" />
		<property name="age" value="20" />
	</bean>

	<bean id="animal"
		class="com.springproject.di.templatecreation.Animal" parent="template">
		<property name="age" value="40" />
	</bean>

	<bean id="elephant"
		class="com.springproject.di.templatecreation.Elephant" parent="animal" init-method="init" destroy-method="destroyElephant">
		<property name="location" value="Bangalore" />
	</bean>
</beans>