<beans xmlns="http://www.springframework.org/schema/beans"
	xmlns:xsi="http://www.w3.org/2001/XMLSchema-instance"
	xmlns:aop="http://www.springframework.org/schema/aop"
	xmlns:context="http://www.springframework.org/schema/context"
	xsi:schemaLocation="http://www.springframework.org/schema/beans http://www.springframework.org/schema/beans/spring-beans-4.3.xsd
		http://www.springframework.org/schema/context http://www.springframework.org/schema/context/spring-context-4.3.xsd
		http://www.springframework.org/schema/aop http://www.springframework.org/schema/aop/spring-aop-4.3.xsd">

	<bean id="employee" class="com.springaopproject.aop.xml.Employee">
		<property name="emmpId" value="12" />
		<property name="empName" value="Suresh" />
		<property name="empSalary" value="10000" />
	</bean>

	<bean id="loggingAspect"
		class="com.springaopproject.aop.xml.LoggingAspects" />

	<aop:config>
		<aop:aspect id="logAspect" ref="loggingAspect">
			<aop:pointcut id="employeeMethod"
				expression="execution(* com.springaopproject.aop.xml.Employee.getEmployee(..))" />
			<aop:before pointcut-ref="employeeMethod" method="before" />
			<aop:after pointcut-ref="employeeMethod" method="after" />
		</aop:aspect>

	</aop:config>

</beans>